<?xml version="1.0" encoding="UTF-8"?>
<!DOCTYPE mapper PUBLIC "-//mybatis.org//DTD Mapper 3.0//EN" "http://mybatis.org/dtd/mybatis-3-mapper.dtd">

<mapper namespace="com.tang.gulimall.product.dao.SpuImagesDao">

	<!-- 可根据自己的需求，是否要使用 -->
    <resultMap type="com.tang.gulimall.product.entity.SpuImagesEntity" id="spuImagesMap">
        <result property="id" column="id"/>
        <result property="spuId" column="spu_id"/>
        <result property="imgName" column="img_name"/>
        <result property="imgUrl" column="img_url"/>
        <result property="imgSort" column="img_sort"/>
        <result property="defaultImg" column="default_img"/>
    </resultMap>


</mapper>